"user_id","0","1","2","3","4","5","6","7","8","9","10","11","12","13","14","15","16","17","18","19"
166,22,35,37,60,76,72,65,66,80,19,58,49,40,147,7,104,21,11,136,142
26,22,35,37,60,76,72,65,66,80,19,58,49,40,147,7,104,21,11,136,142
41,22,35,37,60,76,72,65,66,80,19,58,49,40,147,7,104,21,11,136,142
286,22,35,37,60,76,72,65,66,80,19,58,49,40,147,7,104,21,11,136,142
108,22,35,37,60,76,72,65,66,80,19,58,49,40,147,7,104,21,11,136,142
479,22,35,37,60,76,72,65,66,80,19,58,49,40,147,7,104,21,11,136,142
483,22,35,37,60,76,72,65,66,80,19,58,49,40,147,7,104,21,11,136,142
355,22,35,37,60,76,72,65,66,80,19,58,49,40,147,7,104,21,11,136,142
297,22,35,37,60,76,72,65,66,80,19,58,49,40,147,7,104,21,11,136,142
88,22,35,37,60,76,72,65,66,80,19,58,49,40,147,7,104,21,11,136,142
308,22,35,37,60,76,72,65,66,80,19,58,49,40,147,7,104,21,11,136,142
452,22,35,37,60,76,72,65,66,80,19,58,49,40,147,7,104,21,11,136,142
262,22,35,37,60,76,72,65,66,80,19,58,49,40,147,7,104,21,11,136,142
225,22,35,37,60,76,72,65,66,80,19,58,49,40,147,7,104,21,11,136,142
247,22,35,37,60,76,72,65,66,80,19,58,49,40,147,7,104,21,11,136,142
223,22,35,37,60,76,72,65,66,80,19,58,49,40,147,7,104,21,11,136,142
421,22,35,37,60,76,72,65,66,80,19,58,49,40,147,7,104,21,11,136,142
109,22,35,37,60,76,72,65,66,80,19,58,49,40,147,7,104,21,11,136,142
441,22,35,37,60,76,72,65,66,80,19,58,49,40,147,7,104,21,11,136,142
454,22,35,37,60,76,72,65,66,80,19,58,49,40,147,7,104,21,11,136,142
60,22,35,37,60,76,72,65,66,80,19,58,49,40,147,7,104,21,11,136,142
337,22,35,37,60,76,72,65,66,80,19,58,49,40,147,7,104,21,11,136,142
136,22,35,37,60,76,72,65,66,80,19,58,49,40,147,7,104,21,11,136,142
176,22,35,37,60,76,72,65,66,80,19,58,49,40,147,7,104,21,11,136,142
234,22,35,37,60,76,72,65,66,80,19,58,49,40,147,7,104,21,11,136,142
370,22,35,37,60,76,72,65,66,80,19,58,49,40,147,7,104,21,11,136,142
245,22,35,37,60,76,72,65,66,80,19,58,49,40,147,7,104,21,11,136,142
482,22,35,37,60,76,72,65,66,80,19,58,49,40,147,7,104,21,11,136,142
267,22,35,37,60,76,72,65,66,80,19,58,49,40,147,7,104,21,11,136,142
50,22,35,37,60,76,72,65,66,80,19,58,49,40,147,7,104,21,11,136,142
56,22,35,37,60,76,72,65,66,80,19,58,49,40,147,7,104,21,11,136,142
40,22,35,37,60,76,72,65,66,80,19,58,49,40,147,7,104,21,11,136,142
343,22,35,37,60,76,72,65,66,80,19,58,49,40,147,7,104,21,11,136,142
52,22,35,37,60,76,72,65,66,80,19,58,49,40,147,7,104,21,11,136,142
404,22,35,37,60,76,72,65,66,80,19,58,49,40,147,7,104,21,11,136,142
373,22,35,37,60,76,72,65,66,80,19,58,49,40,147,7,104,21,11,136,142
173,22,35,37,60,76,72,65,66,80,19,58,49,40,147,7,104,21,11,136,142
362,22,35,37,60,76,72,65,66,80,19,58,49,40,147,7,104,21,11,136,142
49,22,35,37,60,76,72,65,66,80,19,58,49,40,147,7,104,21,11,136,142
406,22,35,37,60,76,72,65,66,80,19,58,49,40,147,7,104,21,11,136,142
307,22,35,37,60,76,72,65,66,80,19,58,49,40,147,7,104,21,11,136,142
89,22,35,37,60,76,72,65,66,80,19,58,49,40,147,7,104,21,11,136,142
306,22,35,37,60,76,72,65,66,80,19,58,49,40,147,7,104,21,11,136,142
395,22,35,37,60,76,72,65,66,80,19,58,49,40,147,7,104,21,11,136,142
317,22,35,37,60,76,72,65,66,80,19,58,49,40,147,7,104,21,11,136,142
148,22,35,37,60,76,72,65,66,80,19,58,49,40,147,7,104,21,11,136,142
189,22,35,37,60,76,72,65,66,80,19,58,49,40,147,7,104,21,11,136,142
233,22,35,37,60,76,72,65,66,80,19,58,49,40,147,7,104,21,11,136,142
383,22,35,37,60,76,72,65,66,80,19,58,49,40,147,7,104,21,11,136,142
6,22,35,37,60,76,72,65,66,80,19,58,49,40,147,7,104,21,11,136,142
470,22,35,37,60,76,72,65,66,80,19,58,49,40,147,7,104,21,11,136,142
430,22,35,37,60,76,72,65,66,80,19,58,49,40,147,7,104,21,11,136,142
85,22,35,37,60,76,72,65,66,80,19,58,49,40,147,7,104,21,11,136,142
420,22,35,37,60,76,72,65,66,80,19,58,49,40,147,7,104,21,11,136,142
336,22,35,37,60,76,72,65,66,80,19,58,49,40,147,7,104,21,11,136,142
378,22,35,37,60,76,72,65,66,80,19,58,49,40,147,7,104,21,11,136,142
62,22,35,37,60,76,72,65,66,80,19,58,49,40,147,7,104,21,11,136,142
104,22,35,37,60,76,72,65,66,80,19,58,49,40,147,7,104,21,11,136,142
365,22,35,37,60,76,72,65,66,80,19,58,49,40,147,7,104,21,11,136,142
285,22,35,37,60,76,72,65,66,80,19,58,49,40,147,7,104,21,11,136,142
129,22,35,37,60,76,72,65,66,80,19,58,49,40,147,7,104,21,11,136,142
172,22,35,37,60,76,72,65,66,80,19,58,49,40,147,7,104,21,11,136,142
241,22,35,37,60,76,72,65,66,80,19,58,49,40,147,7,104,21,11,136,142
114,22,35,37,60,76,72,65,66,80,19,58,49,40,147,7,104,21,11,136,142
340,22,35,37,60,76,72,65,66,80,19,58,49,40,147,7,104,21,11,136,142
471,22,35,37,60,76,72,65,66,80,19,58,49,40,147,7,104,21,11,136,142
478,22,35,37,60,76,72,65,66,80,19,58,49,40,147,7,104,21,11,136,142
37,22,35,37,60,76,72,65,66,80,19,58,49,40,147,7,104,21,11,136,142
244,22,35,37,60,76,72,65,66,80,19,58,49,40,147,7,104,21,11,136,142
486,22,35,37,60,76,72,65,66,80,19,58,49,40,147,7,104,21,11,136,142
134,22,35,37,60,76,72,65,66,80,19,58,49,40,147,7,104,21,11,136,142
34,22,35,37,60,76,72,65,66,80,19,58,49,40,147,7,104,21,11,136,142
254,22,35,37,60,76,72,65,66,80,19,58,49,40,147,7,104,21,11,136,142
467,22,35,37,60,76,72,65,66,80,19,58,49,40,147,7,104,21,11,136,142
446,22,35,37,60,76,72,65,66,80,19,58,49,40,147,7,104,21,11,136,142
295,22,35,37,60,76,72,65,66,80,19,58,49,40,147,7,104,21,11,136,142
137,22,35,37,60,76,72,65,66,80,19,58,49,40,147,7,104,21,11,136,142
235,22,35,37,60,76,72,65,66,80,19,58,49,40,147,7,104,21,11,136,142
296,22,35,37,60,76,72,65,66,80,19,58,49,40,147,7,104,21,11,136,142
492,22,35,37,60,76,72,65,66,80,19,58,49,40,147,7,104,21,11,136,142
422,22,35,37,60,76,72,65,66,80,19,58,49,40,147,7,104,21,11,136,142
2,22,35,37,60,76,72,65,66,80,19,58,49,40,147,7,104,21,11,136,142
43,22,35,37,60,76,72,65,66,80,19,58,49,40,147,7,104,21,11,136,142
227,22,35,37,60,76,72,65,66,80,19,58,49,40,147,7,104,21,11,136,142
348,22,35,37,60,76,72,65,66,80,19,58,49,40,147,7,104,21,11,136,142
46,22,35,37,60,76,72,65,66,80,19,58,49,40,147,7,104,21,11,136,142
203,22,35,37,60,76,72,65,66,80,19,58,49,40,147,7,104,21,11,136,142
251,22,35,37,60,76,72,65,66,80,19,58,49,40,147,7,104,21,11,136,142
149,22,35,37,60,76,72,65,66,80,19,58,49,40,147,7,104,21,11,136,142
487,22,35,37,60,76,72,65,66,80,19,58,49,40,147,7,104,21,11,136,142
171,22,35,37,60,76,72,65,66,80,19,58,49,40,147,7,104,21,11,136,142
201,22,35,37,60,76,72,65,66,80,19,58,49,40,147,7,104,21,11,136,142
120,22,35,37,60,76,72,65,66,80,19,58,49,40,147,7,104,21,11,136,142
329,22,35,37,60,76,72,65,66,80,19,58,49,40,147,7,104,21,11,136,142
81,22,35,37,60,76,72,65,66,80,19,58,49,40,147,7,104,21,11,136,142
97,22,35,37,60,76,72,65,66,80,19,58,49,40,147,7,104,21,11,136,142
326,22,35,37,60,76,72,65,66,80,19,58,49,40,147,7,104,21,11,136,142
198,22,35,37,60,76,72,65,66,80,19,58,49,40,147,7,104,21,11,136,142
284,22,35,37,60,76,72,65,66,80,19,58,49,40,147,7,104,21,11,136,142
147,22,35,37,60,76,72,65,66,80,19,58,49,40,147,7,104,21,11,136,142
301,22,35,37,60,76,72,65,66,80,19,58,49,40,147,7,104,21,11,136,142
457,22,35,37,60,76,72,65,66,80,19,58,49,40,147,7,104,21,11,136,142
207,22,35,37,60,76,72,65,66,80,19,58,49,40,147,7,104,21,11,136,142
141,22,35,37,60,76,72,65,66,80,19,58,49,40,147,7,104,21,11,136,142
263,22,35,37,60,76,72,65,66,80,19,58,49,40,147,7,104,21,11,136,142
211,22,35,37,60,76,72,65,66,80,19,58,49,40,147,7,104,21,11,136,142
30,22,35,37,60,76,72,65,66,80,19,58,49,40,147,7,104,21,11,136,142
164,22,35,37,60,76,72,65,66,80,19,58,49,40,147,7,104,21,11,136,142
238,22,35,37,60,76,72,65,66,80,19,58,49,40,147,7,104,21,11,136,142
299,22,35,37,60,76,72,65,66,80,19,58,49,40,147,7,104,21,11,136,142
253,22,35,37,60,76,72,65,66,80,19,58,49,40,147,7,104,21,11,136,142
67,22,35,37,60,76,72,65,66,80,19,58,49,40,147,7,104,21,11,136,142
110,22,35,37,60,76,72,65,66,80,19,58,49,40,147,7,104,21,11,136,142
138,22,35,37,60,76,72,65,66,80,19,58,49,40,147,7,104,21,11,136,142
3,22,35,37,60,76,72,65,66,80,19,58,49,40,147,7,104,21,11,136,142
246,22,35,37,60,76,72,65,66,80,19,58,49,40,147,7,104,21,11,136,142
107,22,35,37,60,76,72,65,66,80,19,58,49,40,147,7,104,21,11,136,142
119,22,35,37,60,76,72,65,66,80,19,58,49,40,147,7,104,21,11,136,142
485,22,35,37,60,76,72,65,66,80,19,58,49,40,147,7,104,21,11,136,142
443,22,35,37,60,76,72,65,66,80,19,58,49,40,147,7,104,21,11,136,142
350,22,35,37,60,76,72,65,66,80,19,58,49,40,147,7,104,21,11,136,142
154,22,35,37,60,76,72,65,66,80,19,58,49,40,147,7,104,21,11,136,142
480,22,35,37,60,76,72,65,66,80,19,58,49,40,147,7,104,21,11,136,142
280,22,35,37,60,76,72,65,66,80,19,58,49,40,147,7,104,21,11,136,142
335,22,35,37,60,76,72,65,66,80,19,58,49,40,147,7,104,21,11,136,142
216,22,35,37,60,76,72,65,66,80,19,58,49,40,147,7,104,21,11,136,142
375,22,35,37,60,76,72,65,66,80,19,58,49,40,147,7,104,21,11,136,142
71,22,35,37,60,76,72,65,66,80,19,58,49,40,147,7,104,21,11,136,142
425,22,35,37,60,76,72,65,66,80,19,58,49,40,147,7,104,21,11,136,142
347,22,35,37,60,76,72,65,66,80,19,58,49,40,147,7,104,21,11,136,142
394,22,35,37,60,76,72,65,66,80,19,58,49,40,147,7,104,21,11,136,142
237,22,35,37,60,76,72,65,66,80,19,58,49,40,147,7,104,21,11,136,142
257,22,35,37,60,76,72,65,66,80,19,58,49,40,147,7,104,21,11,136,142
389,22,35,37,60,76,72,65,66,80,19,58,49,40,147,7,104,21,11,136,142
208,22,35,37,60,76,72,65,66,80,19,58,49,40,147,7,104,21,11,136,142
214,22,35,37,60,76,72,65,66,80,19,58,49,40,147,7,104,21,11,136,142
178,22,35,37,60,76,72,65,66,80,19,58,49,40,147,7,104,21,11,136,142
163,22,35,37,60,76,72,65,66,80,19,58,49,40,147,7,104,21,11,136,142
160,22,35,37,60,76,72,65,66,80,19,58,49,40,147,7,104,21,11,136,142
349,22,35,37,60,76,72,65,66,80,19,58,49,40,147,7,104,21,11,136,142
334,22,35,37,60,76,72,65,66,80,19,58,49,40,147,7,104,21,11,136,142
106,22,35,37,60,76,72,65,66,80,19,58,49,40,147,7,104,21,11,136,142
204,22,35,37,60,76,72,65,66,80,19,58,49,40,147,7,104,21,11,136,142
274,22,35,37,60,76,72,65,66,80,19,58,49,40,147,7,104,21,11,136,142
242,22,35,37,60,76,72,65,66,80,19,58,49,40,147,7,104,21,11,136,142
364,22,35,37,60,76,72,65,66,80,19,58,49,40,147,7,104,21,11,136,142
127,22,35,37,60,76,72,65,66,80,19,58,49,40,147,7,104,21,11,136,142
371,22,35,37,60,76,72,65,66,80,19,58,49,40,147,7,104,21,11,136,142
357,22,35,37,60,76,72,65,66,80,19,58,49,40,147,7,104,21,11,136,142
38,22,35,37,60,76,72,65,66,80,19,58,49,40,147,7,104,21,11,136,142
224,22,35,37,60,76,72,65,66,80,19,58,49,40,147,7,104,21,11,136,142
491,22,35,37,60,76,72,65,66,80,19,58,49,40,147,7,104,21,11,136,142
1,22,35,37,60,76,72,65,66,80,19,58,49,40,147,7,104,21,11,136,142
157,22,35,37,60,76,72,65,66,80,19,58,49,40,147,7,104,21,11,136,142
319,22,35,37,60,76,72,65,66,80,19,58,49,40,147,7,104,21,11,136,142
32,22,35,37,60,76,72,65,66,80,19,58,49,40,147,7,104,21,11,136,142
54,22,35,37,60,76,72,65,66,80,19,58,49,40,147,7,104,21,11,136,142
248,22,35,37,60,76,72,65,66,80,19,58,49,40,147,7,104,21,11,136,142
16,22,35,37,60,76,72,65,66,80,19,58,49,40,147,7,104,21,11,136,142
367,22,35,37,60,76,72,65,66,80,19,58,49,40,147,7,104,21,11,136,142
5,22,35,37,60,76,72,65,66,80,19,58,49,40,147,7,104,21,11,136,142
80,22,35,37,60,76,72,65,66,80,19,58,49,40,147,7,104,21,11,136,142
53,22,35,37,60,76,72,65,66,80,19,58,49,40,147,7,104,21,11,136,142
65,22,35,37,60,76,72,65,66,80,19,58,49,40,147,7,104,21,11,136,142
465,22,35,37,60,76,72,65,66,80,19,58,49,40,147,7,104,21,11,136,142
96,22,35,37,60,76,72,65,66,80,19,58,49,40,147,7,104,21,11,136,142
407,22,35,37,60,76,72,65,66,80,19,58,49,40,147,7,104,21,11,136,142
442,22,35,37,60,76,72,65,66,80,19,58,49,40,147,7,104,21,11,136,142
162,22,35,37,60,76,72,65,66,80,19,58,49,40,147,7,104,21,11,136,142
323,22,35,37,60,76,72,65,66,80,19,58,49,40,147,7,104,21,11,136,142
209,22,35,37,60,76,72,65,66,80,19,58,49,40,147,7,104,21,11,136,142
168,22,35,37,60,76,72,65,66,80,19,58,49,40,147,7,104,21,11,136,142
179,22,35,37,60,76,72,65,66,80,19,58,49,40,147,7,104,21,11,136,142
260,22,35,37,60,76,72,65,66,80,19,58,49,40,147,7,104,21,11,136,142
99,22,35,37,60,76,72,65,66,80,19,58,49,40,147,7,104,21,11,136,142
424,22,35,37,60,76,72,65,66,80,19,58,49,40,147,7,104,21,11,136,142
122,22,35,37,60,76,72,65,66,80,19,58,49,40,147,7,104,21,11,136,142
135,22,35,37,60,76,72,65,66,80,19,58,49,40,147,7,104,21,11,136,142
416,22,35,37,60,76,72,65,66,80,19,58,49,40,147,7,104,21,11,136,142
55,22,35,37,60,76,72,65,66,80,19,58,49,40,147,7,104,21,11,136,142
438,22,35,37,60,76,72,65,66,80,19,58,49,40,147,7,104,21,11,136,142
185,22,35,37,60,76,72,65,66,80,19,58,49,40,147,7,104,21,11,136,142
261,22,35,37,60,76,72,65,66,80,19,58,49,40,147,7,104,21,11,136,142
468,22,35,37,60,76,72,65,66,80,19,58,49,40,147,7,104,21,11,136,142
456,22,35,37,60,76,72,65,66,80,19,58,49,40,147,7,104,21,11,136,142
140,22,35,37,60,76,72,65,66,80,19,58,49,40,147,7,104,21,11,136,142
48,22,35,37,60,76,72,65,66,80,19,58,49,40,147,7,104,21,11,136,142
437,22,35,37,60,76,72,65,66,80,19,58,49,40,147,7,104,21,11,136,142
112,22,35,37,60,76,72,65,66,80,19,58,49,40,147,7,104,21,11,136,142
366,22,35,37,60,76,72,65,66,80,19,58,49,40,147,7,104,21,11,136,142
130,22,35,37,60,76,72,65,66,80,19,58,49,40,147,7,104,21,11,136,142
228,22,35,37,60,76,72,65,66,80,19,58,49,40,147,7,104,21,11,136,142
153,22,35,37,60,76,72,65,66,80,19,58,49,40,147,7,104,21,11,136,142
469,22,35,37,60,76,72,65,66,80,19,58,49,40,147,7,104,21,11,136,142
276,22,35,37,60,76,72,65,66,80,19,58,49,40,147,7,104,21,11,136,142
405,22,35,37,60,76,72,65,66,80,19,58,49,40,147,7,104,21,11,136,142
266,22,35,37,60,76,72,65,66,80,19,58,49,40,147,7,104,21,11,136,142
313,22,35,37,60,76,72,65,66,80,19,58,49,40,147,7,104,21,11,136,142
117,22,35,37,60,76,72,65,66,80,19,58,49,40,147,7,104,21,11,136,142
159,22,35,37,60,76,72,65,66,80,19,58,49,40,147,7,104,21,11,136,142
11,22,35,37,60,76,72,65,66,80,19,58,49,40,147,7,104,21,11,136,142
78,22,35,37,60,76,72,65,66,80,19,58,49,40,147,7,104,21,11,136,142
206,22,35,37,60,76,72,65,66,80,19,58,49,40,147,7,104,21,11,136,142
410,22,35,37,60,76,72,65,66,80,19,58,49,40,147,7,104,21,11,136,142
339,22,35,37,60,76,72,65,66,80,19,58,49,40,147,7,104,21,11,136,142
445,22,35,37,60,76,72,65,66,80,19,58,49,40,147,7,104,21,11,136,142
403,22,35,37,60,76,72,65,66,80,19,58,49,40,147,7,104,21,11,136,142
288,22,35,37,60,76,72,65,66,80,19,58,49,40,147,7,104,21,11,136,142
125,22,35,37,60,76,72,65,66,80,19,58,49,40,147,7,104,21,11,136,142
460,22,35,37,60,76,72,65,66,80,19,58,49,40,147,7,104,21,11,136,142
4,22,35,37,60,76,72,65,66,80,19,58,49,40,147,7,104,21,11,136,142
182,22,35,37,60,76,72,65,66,80,19,58,49,40,147,7,104,21,11,136,142
218,22,35,37,60,76,72,65,66,80,19,58,49,40,147,7,104,21,11,136,142
461,22,35,37,60,76,72,65,66,80,19,58,49,40,147,7,104,21,11,136,142
255,22,35,37,60,76,72,65,66,80,19,58,49,40,147,7,104,21,11,136,142
318,22,35,37,60,76,72,65,66,80,19,58,49,40,147,7,104,21,11,136,142
131,22,35,37,60,76,72,65,66,80,19,58,49,40,147,7,104,21,11,136,142
102,22,35,37,60,76,72,65,66,80,19,58,49,40,147,7,104,21,11,136,142
197,22,35,37,60,76,72,65,66,80,19,58,49,40,147,7,104,21,11,136,142
250,22,35,37,60,76,72,65,66,80,19,58,49,40,147,7,104,21,11,136,142
199,22,35,37,60,76,72,65,66,80,19,58,49,40,147,7,104,21,11,136,142
105,22,35,37,60,76,72,65,66,80,19,58,49,40,147,7,104,21,11,136,142
436,22,35,37,60,76,72,65,66,80,19,58,49,40,147,7,104,21,11,136,142
82,22,35,37,60,76,72,65,66,80,19,58,49,40,147,7,104,21,11,136,142
70,22,35,37,60,76,72,65,66,80,19,58,49,40,147,7,104,21,11,136,142
489,22,35,37,60,76,72,65,66,80,19,58,49,40,147,7,104,21,11,136,142
472,22,35,37,60,76,72,65,66,80,19,58,49,40,147,7,104,21,11,136,142
91,22,35,37,60,76,72,65,66,80,19,58,49,40,147,7,104,21,11,136,142
463,22,35,37,60,76,72,65,66,80,19,58,49,40,147,7,104,21,11,136,142
413,22,35,37,60,76,72,65,66,80,19,58,49,40,147,7,104,21,11,136,142
426,22,35,37,60,76,72,65,66,80,19,58,49,40,147,7,104,21,11,136,142
279,22,35,37,60,76,72,65,66,80,19,58,49,40,147,7,104,21,11,136,142
290,22,35,37,60,76,72,65,66,80,19,58,49,40,147,7,104,21,11,136,142
384,22,35,37,60,76,72,65,66,80,19,58,49,40,147,7,104,21,11,136,142
293,22,35,37,60,76,72,65,66,80,19,58,49,40,147,7,104,21,11,136,142
451,22,35,37,60,76,72,65,66,80,19,58,49,40,147,7,104,21,11,136,142
432,22,35,37,60,76,72,65,66,80,19,58,49,40,147,7,104,21,11,136,142
360,22,35,37,60,76,72,65,66,80,19,58,49,40,147,7,104,21,11,136,142
324,22,35,37,60,76,72,65,66,80,19,58,49,40,147,7,104,21,11,136,142
300,22,35,37,60,76,72,65,66,80,19,58,49,40,147,7,104,21,11,136,142
294,22,35,37,60,76,72,65,66,80,19,58,49,40,147,7,104,21,11,136,142
322,22,35,37,60,76,72,65,66,80,19,58,49,40,147,7,104,21,11,136,142
354,22,35,37,60,76,72,65,66,80,19,58,49,40,147,7,104,21,11,136,142
361,22,35,37,60,76,72,65,66,80,19,58,49,40,147,7,104,21,11,136,142
115,22,35,37,60,76,72,65,66,80,19,58,49,40,147,7,104,21,11,136,142
77,22,35,37,60,76,72,65,66,80,19,58,49,40,147,7,104,21,11,136,142
116,22,35,37,60,76,72,65,66,80,19,58,49,40,147,7,104,21,11,136,142
29,22,35,37,60,76,72,65,66,80,19,58,49,40,147,7,104,21,11,136,142
12,22,35,37,60,76,72,65,66,80,19,58,49,40,147,7,104,21,11,136,142
192,22,35,37,60,76,72,65,66,80,19,58,49,40,147,7,104,21,11,136,142
61,22,35,37,60,76,72,65,66,80,19,58,49,40,147,7,104,21,11,136,142
36,22,35,37,60,76,72,65,66,80,19,58,49,40,147,7,104,21,11,136,142
440,22,35,37,60,76,72,65,66,80,19,58,49,40,147,7,104,21,11,136,142
481,22,35,37,60,76,72,65,66,80,19,58,49,40,147,7,104,21,11,136,142
428,22,35,37,60,76,72,65,66,80,19,58,49,40,147,7,104,21,11,136,142
23,22,35,37,60,76,72,65,66,80,19,58,49,40,147,7,104,21,11,136,142
423,22,35,37,60,76,72,65,66,80,19,58,49,40,147,7,104,21,11,136,142
359,22,35,37,60,76,72,65,66,80,19,58,49,40,147,7,104,21,11,136,142
220,22,35,37,60,76,72,65,66,80,19,58,49,40,147,7,104,21,11,136,142
170,22,35,37,60,76,72,65,66,80,19,58,49,40,147,7,104,21,11,136,142
494,22,35,37,60,76,72,65,66,80,19,58,49,40,147,7,104,21,11,136,142
188,22,35,37,60,76,72,65,66,80,19,58,49,40,147,7,104,21,11,136,142
100,22,35,37,60,76,72,65,66,80,19,58,49,40,147,7,104,21,11,136,142
381,22,35,37,60,76,72,65,66,80,19,58,49,40,147,7,104,21,11,136,142
22,22,35,37,60,76,72,65,66,80,19,58,49,40,147,7,104,21,11,136,142
121,22,35,37,60,76,72,65,66,80,19,58,49,40,147,7,104,21,11,136,142
412,22,35,37,60,76,72,65,66,80,19,58,49,40,147,7,104,21,11,136,142
474,22,35,37,60,76,72,65,66,80,19,58,49,40,147,7,104,21,11,136,142
66,22,35,37,60,76,72,65,66,80,19,58,49,40,147,7,104,21,11,136,142
325,22,35,37,60,76,72,65,66,80,19,58,49,40,147,7,104,21,11,136,142
226,22,35,37,60,76,72,65,66,80,19,58,49,40,147,7,104,21,11,136,142
345,22,35,37,60,76,72,65,66,80,19,58,49,40,147,7,104,21,11,136,142
143,22,35,37,60,76,72,65,66,80,19,58,49,40,147,7,104,21,11,136,142
292,22,35,37,60,76,72,65,66,80,19,58,49,40,147,7,104,21,11,136,142
161,22,35,37,60,76,72,65,66,80,19,58,49,40,147,7,104,21,11,136,142
213,22,35,37,60,76,72,65,66,80,19,58,49,40,147,7,104,21,11,136,142
194,22,35,37,60,76,72,65,66,80,19,58,49,40,147,7,104,21,11,136,142
69,22,35,37,60,76,72,65,66,80,19,58,49,40,147,7,104,21,11,136,142
369,22,35,37,60,76,72,65,66,80,19,58,49,40,147,7,104,21,11,136,142
458,22,35,37,60,76,72,65,66,80,19,58,49,40,147,7,104,21,11,136,142
320,22,35,37,60,76,72,65,66,80,19,58,49,40,147,7,104,21,11,136,142
93,22,35,37,60,76,72,65,66,80,19,58,49,40,147,7,104,21,11,136,142
399,22,35,37,60,76,72,65,66,80,19,58,49,40,147,7,104,21,11,136,142
363,22,35,37,60,76,72,65,66,80,19,58,49,40,147,7,104,21,11,136,142
309,22,35,37,60,76,72,65,66,80,19,58,49,40,147,7,104,21,11,136,142
58,22,35,37,60,76,72,65,66,80,19,58,49,40,147,7,104,21,11,136,142
156,22,35,37,60,76,72,65,66,80,19,58,49,40,147,7,104,21,11,136,142
75,22,35,37,60,76,72,65,66,80,19,58,49,40,147,7,104,21,11,136,142
128,22,35,37,60,76,72,65,66,80,19,58,49,40,147,7,104,21,11,136,142
289,22,35,37,60,76,72,65,66,80,19,58,49,40,147,7,104,21,11,136,142
249,22,35,37,60,76,72,65,66,80,19,58,49,40,147,7,104,21,11,136,142
273,22,35,37,60,76,72,65,66,80,19,58,49,40,147,7,104,21,11,136,142
450,22,35,37,60,76,72,65,66,80,19,58,49,40,147,7,104,21,11,136,142
13,22,35,37,60,76,72,65,66,80,19,58,49,40,147,7,104,21,11,136,142
358,22,35,37,60,76,72,65,66,80,19,58,49,40,147,7,104,21,11,136,142
31,22,35,37,60,76,72,65,66,80,19,58,49,40,147,7,104,21,11,136,142
180,22,35,37,60,76,72,65,66,80,19,58,49,40,147,7,104,21,11,136,142
113,22,35,37,60,76,72,65,66,80,19,58,49,40,147,7,104,21,11,136,142
312,22,35,37,60,76,72,65,66,80,19,58,49,40,147,7,104,21,11,136,142
398,22,35,37,60,76,72,65,66,80,19,58,49,40,147,7,104,21,11,136,142
393,22,35,37,60,76,72,65,66,80,19,58,49,40,147,7,104,21,11,136,142
392,22,35,37,60,76,72,65,66,80,19,58,49,40,147,7,104,21,11,136,142
265,22,35,37,60,76,72,65,66,80,19,58,49,40,147,7,104,21,11,136,142
282,22,35,37,60,76,72,65,66,80,19,58,49,40,147,7,104,21,11,136,142
222,22,35,37,60,76,72,65,66,80,19,58,49,40,147,7,104,21,11,136,142
44,22,35,37,60,76,72,65,66,80,19,58,49,40,147,7,104,21,11,136,142
401,22,35,37,60,76,72,65,66,80,19,58,49,40,147,7,104,21,11,136,142
316,22,35,37,60,76,72,65,66,80,19,58,49,40,147,7,104,21,11,136,142
187,22,35,37,60,76,72,65,66,80,19,58,49,40,147,7,104,21,11,136,142
94,22,35,37,60,76,72,65,66,80,19,58,49,40,147,7,104,21,11,136,142
95,22,35,37,60,76,72,65,66,80,19,58,49,40,147,7,104,21,11,136,142
17,22,35,37,60,76,72,65,66,80,19,58,49,40,147,7,104,21,11,136,142
76,22,35,37,60,76,72,65,66,80,19,58,49,40,147,7,104,21,11,136,142
484,22,35,37,60,76,72,65,66,80,19,58,49,40,147,7,104,21,11,136,142
346,22,35,37,60,76,72,65,66,80,19,58,49,40,147,7,104,21,11,136,142
243,22,35,37,60,76,72,65,66,80,19,58,49,40,147,7,104,21,11,136,142
269,22,35,37,60,76,72,65,66,80,19,58,49,40,147,7,104,21,11,136,142
331,22,35,37,60,76,72,65,66,80,19,58,49,40,147,7,104,21,11,136,142
434,22,35,37,60,76,72,65,66,80,19,58,49,40,147,7,104,21,11,136,142
20,22,35,37,60,76,72,65,66,80,19,58,49,40,147,7,104,21,11,136,142
183,22,35,37,60,76,72,65,66,80,19,58,49,40,147,7,104,21,11,136,142
314,22,35,37,60,76,72,65,66,80,19,58,49,40,147,7,104,21,11,136,142
341,22,35,37,60,76,72,65,66,80,19,58,49,40,147,7,104,21,11,136,142
72,22,35,37,60,76,72,65,66,80,19,58,49,40,147,7,104,21,11,136,142
195,22,35,37,60,76,72,65,66,80,19,58,49,40,147,7,104,21,11,136,142
351,22,35,37,60,76,72,65,66,80,19,58,49,40,147,7,104,21,11,136,142
305,22,35,37,60,76,72,65,66,80,19,58,49,40,147,7,104,21,11,136,142
374,22,35,37,60,76,72,65,66,80,19,58,49,40,147,7,104,21,11,136,142
256,22,35,37,60,76,72,65,66,80,19,58,49,40,147,7,104,21,11,136,142
376,22,35,37,60,76,72,65,66,80,19,58,49,40,147,7,104,21,11,136,142
490,22,35,37,60,76,72,65,66,80,19,58,49,40,147,7,104,21,11,136,142
377,22,35,37,60,76,72,65,66,80,19,58,49,40,147,7,104,21,11,136,142
495,22,35,37,60,76,72,65,66,80,19,58,49,40,147,7,104,21,11,136,142
84,22,35,37,60,76,72,65,66,80,19,58,49,40,147,7,104,21,11,136,142
126,22,35,37,60,76,72,65,66,80,19,58,49,40,147,7,104,21,11,136,142
338,22,35,37,60,76,72,65,66,80,19,58,49,40,147,7,104,21,11,136,142
455,22,35,37,60,76,72,65,66,80,19,58,49,40,147,7,104,21,11,136,142
283,22,35,37,60,76,72,65,66,80,19,58,49,40,147,7,104,21,11,136,142
217,22,35,37,60,76,72,65,66,80,19,58,49,40,147,7,104,21,11,136,142
372,22,35,37,60,76,72,65,66,80,19,58,49,40,147,7,104,21,11,136,142
14,22,35,37,60,76,72,65,66,80,19,58,49,40,147,7,104,21,11,136,142
10,22,35,37,60,76,72,65,66,80,19,58,49,40,147,7,104,21,11,136,142
86,22,35,37,60,76,72,65,66,80,19,58,49,40,147,7,104,21,11,136,142
239,22,35,37,60,76,72,65,66,80,19,58,49,40,147,7,104,21,11,136,142
229,22,35,37,60,76,72,65,66,80,19,58,49,40,147,7,104,21,11,136,142
493,22,35,37,60,76,72,65,66,80,19,58,49,40,147,7,104,21,11,136,142
386,22,35,37,60,76,72,65,66,80,19,58,49,40,147,7,104,21,11,136,142
302,22,35,37,60,76,72,65,66,80,19,58,49,40,147,7,104,21,11,136,142
429,22,35,37,60,76,72,65,66,80,19,58,49,40,147,7,104,21,11,136,142
390,22,35,37,60,76,72,65,66,80,19,58,49,40,147,7,104,21,11,136,142
400,22,35,37,60,76,72,65,66,80,19,58,49,40,147,7,104,21,11,136,142
391,22,35,37,60,76,72,65,66,80,19,58,49,40,147,7,104,21,11,136,142
397,22,35,37,60,76,72,65,66,80,19,58,49,40,147,7,104,21,11,136,142
145,22,35,37,60,76,72,65,66,80,19,58,49,40,147,7,104,21,11,136,142
272,22,35,37,60,76,72,65,66,80,19,58,49,40,147,7,104,21,11,136,142
57,22,35,37,60,76,72,65,66,80,19,58,49,40,147,7,104,21,11,136,142
311,22,35,37,60,76,72,65,66,80,19,58,49,40,147,7,104,21,11,136,142
382,22,35,37,60,76,72,65,66,80,19,58,49,40,147,7,104,21,11,136,142
18,22,35,37,60,76,72,65,66,80,19,58,49,40,147,7,104,21,11,136,142
83,22,35,37,60,76,72,65,66,80,19,58,49,40,147,7,104,21,11,136,142
315,22,35,37,60,76,72,65,66,80,19,58,49,40,147,7,104,21,11,136,142
19,22,35,37,60,76,72,65,66,80,19,58,49,40,147,7,104,21,11,136,142
73,22,35,37,60,76,72,65,66,80,19,58,49,40,147,7,104,21,11,136,142
332,22,35,37,60,76,72,65,66,80,19,58,49,40,147,7,104,21,11,136,142
353,22,35,37,60,76,72,65,66,80,19,58,49,40,147,7,104,21,11,136,142
47,22,35,37,60,76,72,65,66,80,19,58,49,40,147,7,104,21,11,136,142
103,22,35,37,60,76,72,65,66,80,19,58,49,40,147,7,104,21,11,136,142
123,22,35,37,60,76,72,65,66,80,19,58,49,40,147,7,104,21,11,136,142
328,22,35,37,60,76,72,65,66,80,19,58,49,40,147,7,104,21,11,136,142
33,22,35,37,60,76,72,65,66,80,19,58,49,40,147,7,104,21,11,136,142
184,22,35,37,60,76,72,65,66,80,19,58,49,40,147,7,104,21,11,136,142
449,22,35,37,60,76,72,65,66,80,19,58,49,40,147,7,104,21,11,136,142
39,22,35,37,60,76,72,65,66,80,19,58,49,40,147,7,104,21,11,136,142
270,22,35,37,60,76,72,65,66,80,19,58,49,40,147,7,104,21,11,136,142
409,22,35,37,60,76,72,65,66,80,19,58,49,40,147,7,104,21,11,136,142
298,22,35,37,60,76,72,65,66,80,19,58,49,40,147,7,104,21,11,136,142
132,22,35,37,60,76,72,65,66,80,19,58,49,40,147,7,104,21,11,136,142
304,22,35,37,60,76,72,65,66,80,19,58,49,40,147,7,104,21,11,136,142
356,22,35,37,60,76,72,65,66,80,19,58,49,40,147,7,104,21,11,136,142
252,22,35,37,60,76,72,65,66,80,19,58,49,40,147,7,104,21,11,136,142
303,22,35,37,60,76,72,65,66,80,19,58,49,40,147,7,104,21,11,136,142
385,22,35,37,60,76,72,65,66,80,19,58,49,40,147,7,104,21,11,136,142
27,22,35,37,60,76,72,65,66,80,19,58,49,40,147,7,104,21,11,136,142
327,22,35,37,60,76,72,65,66,80,19,58,49,40,147,7,104,21,11,136,142
418,22,35,37,60,76,72,65,66,80,19,58,49,40,147,7,104,21,11,136,142
380,22,35,37,60,76,72,65,66,80,19,58,49,40,147,7,104,21,11,136,142
453,22,35,37,60,76,72,65,66,80,19,58,49,40,147,7,104,21,11,136,142
496,22,35,37,60,76,72,65,66,80,19,58,49,40,147,7,104,21,11,136,142
352,22,35,37,60,76,72,65,66,80,19,58,49,40,147,7,104,21,11,136,142
51,22,35,37,60,76,72,65,66,80,19,58,49,40,147,7,104,21,11,136,142
25,22,35,37,60,76,72,65,66,80,19,58,49,40,147,7,104,21,11,136,142
59,22,35,37,60,76,72,65,66,80,19,58,49,40,147,7,104,21,11,136,142
464,22,35,37,60,76,72,65,66,80,19,58,49,40,147,7,104,21,11,136,142
0,22,35,37,60,76,72,65,66,80,19,58,49,40,147,7,104,21,11,136,142
63,22,35,37,60,76,72,65,66,80,19,58,49,40,147,7,104,21,11,136,142
379,22,35,37,60,76,72,65,66,80,19,58,49,40,147,7,104,21,11,136,142
146,22,35,37,60,76,72,65,66,80,19,58,49,40,147,7,104,21,11,136,142
9,22,35,37,60,76,72,65,66,80,19,58,49,40,147,7,104,21,11,136,142
433,22,35,37,60,76,72,65,66,80,19,58,49,40,147,7,104,21,11,136,142
477,22,35,37,60,76,72,65,66,80,19,58,49,40,147,7,104,21,11,136,142
466,22,35,37,60,76,72,65,66,80,19,58,49,40,147,7,104,21,11,136,142
158,22,35,37,60,76,72,65,66,80,19,58,49,40,147,7,104,21,11,136,142
79,22,35,37,60,76,72,65,66,80,19,58,49,40,147,7,104,21,11,136,142
462,22,35,37,60,76,72,65,66,80,19,58,49,40,147,7,104,21,11,136,142
281,22,35,37,60,76,72,65,66,80,19,58,49,40,147,7,104,21,11,136,142
90,22,35,37,60,76,72,65,66,80,19,58,49,40,147,7,104,21,11,136,142
310,22,35,37,60,76,72,65,66,80,19,58,49,40,147,7,104,21,11,136,142
415,22,35,37,60,76,72,65,66,80,19,58,49,40,147,7,104,21,11,136,142
291,22,35,37,60,76,72,65,66,80,19,58,49,40,147,7,104,21,11,136,142
7,22,35,37,60,76,72,65,66,80,19,58,49,40,147,7,104,21,11,136,142
419,22,35,37,60,76,72,65,66,80,19,58,49,40,147,7,104,21,11,136,142
271,22,35,37,60,76,72,65,66,80,19,58,49,40,147,7,104,21,11,136,142
368,22,35,37,60,76,72,65,66,80,19,58,49,40,147,7,104,21,11,136,142
118,22,35,37,60,76,72,65,66,80,19,58,49,40,147,7,104,21,11,136,142
87,22,35,37,60,76,72,65,66,80,19,58,49,40,147,7,104,21,11,136,142
92,22,35,37,60,76,72,65,66,80,19,58,49,40,147,7,104,21,11,136,142
21,22,35,37,60,76,72,65,66,80,19,58,49,40,147,7,104,21,11,136,142
193,22,35,37,60,76,72,65,66,80,19,58,49,40,147,7,104,21,11,136,142
165,22,35,37,60,76,72,65,66,80,19,58,49,40,147,7,104,21,11,136,142
408,22,35,37,60,76,72,65,66,80,19,58,49,40,147,7,104,21,11,136,142
488,22,35,37,60,76,72,65,66,80,19,58,49,40,147,7,104,21,11,136,142
258,22,35,37,60,76,72,65,66,80,19,58,49,40,147,7,104,21,11,136,142
414,22,35,37,60,76,72,65,66,80,19,58,49,40,147,7,104,21,11,136,142
396,22,35,37,60,76,72,65,66,80,19,58,49,40,147,7,104,21,11,136,142
476,22,35,37,60,76,72,65,66,80,19,58,49,40,147,7,104,21,11,136,142
175,22,35,37,60,76,72,65,66,80,19,58,49,40,147,7,104,21,11,136,142
64,22,35,37,60,76,72,65,66,80,19,58,49,40,147,7,104,21,11,136,142
473,22,35,37,60,76,72,65,66,80,19,58,49,40,147,7,104,21,11,136,142
15,22,35,37,60,76,72,65,66,80,19,58,49,40,147,7,104,21,11,136,142
321,22,35,37,60,76,72,65,66,80,19,58,49,40,147,7,104,21,11,136,142
152,22,35,37,60,76,72,65,66,80,19,58,49,40,147,7,104,21,11,136,142
475,22,35,37,60,76,72,65,66,80,19,58,49,40,147,7,104,21,11,136,142
24,22,35,37,60,76,72,65,66,80,19,58,49,40,147,7,104,21,11,136,142
196,22,35,37,60,76,72,65,66,80,19,58,49,40,147,7,104,21,11,136,142
236,22,35,37,60,76,72,65,66,80,19,58,49,40,147,7,104,21,11,136,142
231,22,35,37,60,76,72,65,66,80,19,58,49,40,147,7,104,21,11,136,142
202,22,35,37,60,76,72,65,66,80,19,58,49,40,147,7,104,21,11,136,142
435,22,35,37,60,76,72,65,66,80,19,58,49,40,147,7,104,21,11,136,142
212,22,35,37,60,76,72,65,66,80,19,58,49,40,147,7,104,21,11,136,142
210,22,35,37,60,76,72,65,66,80,19,58,49,40,147,7,104,21,11,136,142
230,22,35,37,60,76,72,65,66,80,19,58,49,40,147,7,104,21,11,136,142
444,22,35,37,60,76,72,65,66,80,19,58,49,40,147,7,104,21,11,136,142
177,22,35,37,60,76,72,65,66,80,19,58,49,40,147,7,104,21,11,136,142
139,22,35,37,60,76,72,65,66,80,19,58,49,40,147,7,104,21,11,136,142
133,22,35,37,60,76,72,65,66,80,19,58,49,40,147,7,104,21,11,136,142
151,22,35,37,60,76,72,65,66,80,19,58,49,40,147,7,104,21,11,136,142
144,22,35,37,60,76,72,65,66,80,19,58,49,40,147,7,104,21,11,136,142
174,22,35,37,60,76,72,65,66,80,19,58,49,40,147,7,104,21,11,136,142
232,22,35,37,60,76,72,65,66,80,19,58,49,40,147,7,104,21,11,136,142
74,22,35,37,60,76,72,65,66,80,19,58,49,40,147,7,104,21,11,136,142
101,22,35,37,60,76,72,65,66,80,19,58,49,40,147,7,104,21,11,136,142
219,22,35,37,60,76,72,65,66,80,19,58,49,40,147,7,104,21,11,136,142
98,22,35,37,60,76,72,65,66,80,19,58,49,40,147,7,104,21,11,136,142
427,22,35,37,60,76,72,65,66,80,19,58,49,40,147,7,104,21,11,136,142
35,22,35,37,60,76,72,65,66,80,19,58,49,40,147,7,104,21,11,136,142
28,22,35,37,60,76,72,65,66,80,19,58,49,40,147,7,104,21,11,136,142
200,22,35,37,60,76,72,65,66,80,19,58,49,40,147,7,104,21,11,136,142
344,22,35,37,60,76,72,65,66,80,19,58,49,40,147,7,104,21,11,136,142
431,22,35,37,60,76,72,65,66,80,19,58,49,40,147,7,104,21,11,136,142
333,22,35,37,60,76,72,65,66,80,19,58,49,40,147,7,104,21,11,136,142
42,22,35,37,60,76,72,65,66,80,19,58,49,40,147,7,104,21,11,136,142
439,22,35,37,60,76,72,65,66,80,19,58,49,40,147,7,104,21,11,136,142
191,22,35,37,60,76,72,65,66,80,19,58,49,40,147,7,104,21,11,136,142
275,22,35,37,60,76,72,65,66,80,19,58,49,40,147,7,104,21,11,136,142
287,22,35,37,60,76,72,65,66,80,19,58,49,40,147,7,104,21,11,136,142
150,22,35,37,60,76,72,65,66,80,19,58,49,40,147,7,104,21,11,136,142
268,22,35,37,60,76,72,65,66,80,19,58,49,40,147,7,104,21,11,136,142
417,22,35,37,60,76,72,65,66,80,19,58,49,40,147,7,104,21,11,136,142
45,22,35,37,60,76,72,65,66,80,19,58,49,40,147,7,104,21,11,136,142
142,22,35,37,60,76,72,65,66,80,19,58,49,40,147,7,104,21,11,136,142
411,22,35,37,60,76,72,65,66,80,19,58,49,40,147,7,104,21,11,136,142
447,22,35,37,60,76,72,65,66,80,19,58,49,40,147,7,104,21,11,136,142
111,22,35,37,60,76,72,65,66,80,19,58,49,40,147,7,104,21,11,136,142
205,22,35,37,60,76,72,65,66,80,19,58,49,40,147,7,104,21,11,136,142
459,22,35,37,60,76,72,65,66,80,19,58,49,40,147,7,104,21,11,136,142
215,22,35,37,60,76,72,65,66,80,19,58,49,40,147,7,104,21,11,136,142
8,22,35,37,60,76,72,65,66,80,19,58,49,40,147,7,104,21,11,136,142
259,22,35,37,60,76,72,65,66,80,19,58,49,40,147,7,104,21,11,136,142
330,22,35,37,60,76,72,65,66,80,19,58,49,40,147,7,104,21,11,136,142
186,22,35,37,60,76,72,65,66,80,19,58,49,40,147,7,104,21,11,136,142
278,22,35,37,60,76,72,65,66,80,19,58,49,40,147,7,104,21,11,136,142
264,22,35,37,60,76,72,65,66,80,19,58,49,40,147,7,104,21,11,136,142
68,22,35,37,60,76,72,65,66,80,19,58,49,40,147,7,104,21,11,136,142
221,22,35,37,60,76,72,65,66,80,19,58,49,40,147,7,104,21,11,136,142
387,22,35,37,60,76,72,65,66,80,19,58,49,40,147,7,104,21,11,136,142
342,22,35,37,60,76,72,65,66,80,19,58,49,40,147,7,104,21,11,136,142
402,22,35,37,60,76,72,65,66,80,19,58,49,40,147,7,104,21,11,136,142
240,22,35,37,60,76,72,65,66,80,19,58,49,40,147,7,104,21,11,136,142
388,22,35,37,60,76,72,65,66,80,19,58,49,40,147,7,104,21,11,136,142
277,22,35,37,60,76,72,65,66,80,19,58,49,40,147,7,104,21,11,136,142
169,22,35,37,60,76,72,65,66,80,19,58,49,40,147,7,104,21,11,136,142
155,22,35,37,60,76,72,65,66,80,19,58,49,40,147,7,104,21,11,136,142
190,22,35,37,60,76,72,65,66,80,19,58,49,40,147,7,104,21,11,136,142
181,22,35,37,60,76,72,65,66,80,19,58,49,40,147,7,104,21,11,136,142
448,22,35,37,60,76,72,65,66,80,19,58,49,40,147,7,104,21,11,136,142
124,22,35,37,60,76,72,65,66,80,19,58,49,40,147,7,104,21,11,136,142
167,22,35,37,60,76,72,65,66,80,19,58,49,40,147,7,104,21,11,136,142
